pk1,dtcreated,cntnt_hndlr,start_date,crsmain_pk1,end_date,parent_pk1,course_name,course_id,counts,main_code,year,semester,location
1,2007-06-29 23:27:28, 'resource/x-bb-folder',2005-02-07 15:49:27,1,,0, 'SYSTEM', 'SYSTEM',0,SYSTEM,0,0,0
2,2007-06-29 23:27:28, 'resource/x-bb-folder',2005-02-07 15:49:27,1,,0, 'SYSTEM', 'SYSTEM',0,SYSTEM,0,0,0
3,2007-06-29 23:27:28, 'resource/x-bb-folder',2005-02-07 15:49:27,1,,0, 'SYSTEM', 'SYSTEM',0,SYSTEM,0,0,0
4,2007-06-29 23:27:28, 'resource/x-bb-folder',2005-02-07 15:49:27,1,,0, 'SYSTEM', 'SYSTEM',0,SYSTEM,0,0,0
5,2007-06-29 23:27:28, 'resource/x-bb-folder',2005-02-07 15:49:27,1,,0, 'SYSTEM', 'SYSTEM',0,SYSTEM,0,0,0
7,2007-06-29 23:27:28, 'resource/x-bb-folder',2005-02-07 17:01:15,1,,0, 'SYSTEM', 'SYSTEM',0,SYSTEM,0,0,0
8,2007-06-29 23:27:28, 'resource/x-bb-folder',2005-02-17 10:36:29,3,,0, 'User Acceptance 99', 'ua_99',0,ua,9,99,
9,2007-06-29 23:27:28, 'resource/x-bb-folder',2005-02-17 10:36:29,3,,0, 'User Acceptance 99', 'ua_99',0,ua,9,99,
10,2007-06-29 23:27:28, 'resource/x-bb-folder',2005-02-17 10:36:29,3,,0, 'User Acceptance 99', 'ua_99',0,ua,9,99,
11,2007-06-29 23:27:28, 'resource/x-bb-folder',2005-02-17 10:36:29,3,,0, 'User Acceptance 99', 'ua_99',0,ua,9,99,
12,2007-06-29 23:27:28, 'resource/x-bb-folder',2005-02-17 10:36:30,4,,0, 'User Acceptance 01', 'ua_01',0,ua,0,01,
13,2007-06-29 23:27:28, 'resource/x-bb-folder',2005-02-17 10:36:30,4,,0, 'User Acceptance 01', 'ua_01',0,ua,0,01,
14,2007-06-29 23:27:28, 'resource/x-bb-folder',2005-02-17 10:36:30,4,,0, 'User Acceptance 01', 'ua_01',0,ua,0,01,
15,2007-06-29 23:27:28, 'resource/x-bb-folder',2005-02-17 10:36:30,4,,0, 'User Acceptance 01', 'ua_01',0,ua,0,01,
16,2007-06-29 23:27:28, 'resource/x-bb-folder',2005-02-17 10:36:30,5,,0, 'User Acceptance 02', 'ua_02',0,ua,0,02,
17,2007-06-29 23:27:28, 'resource/x-bb-folder',2005-02-17 10:36:30,5,,0, 'User Acceptance 02', 'ua_02',0,ua,0,02,
18,2007-06-29 23:27:28, 'resource/x-bb-folder',2005-02-17 10:36:30,5,,0, 'User Acceptance 02', 'ua_02',0,ua,0,02,
19,2007-06-29 23:27:28, 'resource/x-bb-folder',2005-02-17 10:36:30,5,,0, 'User Acceptance 02', 'ua_02',0,ua,0,02,
20,2007-06-29 23:27:28, 'resource/x-bb-folder',2005-02-17 10:36:30,6,,0, 'User Acceptance 03', 'ua_03',0,ua,0,03,
21,2007-06-29 23:27:28, 'resource/x-bb-folder',2005-02-17 10:36:30,6,,0, 'User Acceptance 03', 'ua_03',0,ua,0,03,
22,2007-06-29 23:27:28, 'resource/x-bb-folder',2005-02-17 10:36:30,6,,0, 'User Acceptance 03', 'ua_03',0,ua,0,03,
23,2007-06-29 23:27:28, 'resource/x-bb-folder',2005-02-17 10:36:30,6,,0, 'User Acceptance 03', 'ua_03',0,ua,0,03,
24,2007-06-29 23:27:28, 'resource/x-bb-folder',2005-02-17 10:36:30,7,,0, 'User Acceptance 04', 'ua_04',0,ua,0,04,
25,2007-06-29 23:27:28, 'resource/x-bb-folder',2005-02-17 10:36:30,7,,0, 'User Acceptance 04', 'ua_04',0,ua,0,04,
26,2007-06-29 23:27:28, 'resource/x-bb-folder',2005-02-17 10:36:30,7,,0, 'User Acceptance 04', 'ua_04',0,ua,0,04,
27,2007-06-29 23:27:28, 'resource/x-bb-folder',2005-02-17 10:36:30,7,,0, 'User Acceptance 04', 'ua_04',0,ua,0,04,
28,2007-06-29 23:27:28, 'resource/x-bb-folder',2005-02-17 10:36:30,8,,0, 'User Acceptance 05', 'ua_05',0,ua,0,05,
29,2007-06-29 23:27:28, 'resource/x-bb-folder',2005-02-17 10:36:30,8,,0, 'User Acceptance 05', 'ua_05',0,ua,0,05,
30,2007-06-29 23:27:28, 'resource/x-bb-folder',2005-02-17 10:36:30,8,,0, 'User Acceptance 05', 'ua_05',0,ua,0,05,
31,2007-06-29 23:27:28, 'resource/x-bb-folder',2005-02-17 10:36:31,8,,0, 'User Acceptance 05', 'ua_05',0,ua,0,05,
54,2007-06-29 23:27:28, 'resource/x-bb-folder',2005-02-17 12:07:45,14,,0," ""Andrew & Bob's test course""", 'UA_69',0,UA,6,69,
55,2007-06-29 23:27:28, 'resource/x-bb-folder',2005-02-17 12:07:45,14,,0," ""Andrew & Bob's test course""", 'UA_69',0,UA,6,69,
56,2007-06-29 23:27:28, 'resource/x-bb-document',2005-02-17 12:14:39,3,, 8, 'User Acceptance 99', 'ua_99',1,ua,9,99,
57,2007-06-29 23:27:28, 'resource/x-bb-document',2005-02-17 12:20:00,3,, 9, 'User Acceptance 99', 'ua_99',1,ua,9,99,
58,2007-06-29 23:27:28, 'resource/x-bb-folder',2005-02-17 12:38:08,14,,0," ""Andrew & Bob's test course""", 'UA_69',0,UA,6,69,
59,2007-06-29 23:27:28, 'resource/x-bb-folder',2005-02-17 12:38:08,14,,0," ""Andrew & Bob's test course""", 'UA_69',0,UA,6,69,
100,2007-06-29 23:27:28, 'resource/x-bb-externallink',2005-02-18 14:37:11,5,, 19, 'User Acceptance 02', 'ua_02',1,ua,0,02,
102,2007-06-29 23:27:28, 'resource/x-bb-externallink',2005-02-17 14:30:00,5,, 19, 'User Acceptance 02', 'ua_02',1,ua,0,02,
103,2007-06-29 23:27:28, 'resource/x-bb-document',2005-02-18 14:42:00,8,, 28, 'User Acceptance 05', 'ua_05',1,ua,0,05,
104,2007-06-29 23:27:28, 'resource/x-bb-externallink',2005-02-18 14:46:18,5,, 17, 'User Acceptance 02', 'ua_02',1,ua,0,02,
234,2007-06-29 23:27:28, 'resource/x-bb-document',2005-03-03 16:00:00,8,, 30, 'User Acceptance 05', 'ua_05',1,ua,0,05,
235,2007-06-29 23:27:28, 'resource/x-bb-externallink',2005-03-03 16:09:50,8,, 28, 'User Acceptance 05', 'ua_05',1,ua,0,05,
238,2007-06-29 23:27:28, 'resource/x-bb-asmt-test-link',2005-03-03 16:26:46,4,, 14, 'User Acceptance 01', 'ua_01',1,ua,0,01,
239,2007-06-29 23:27:28, 'resource/x-bb-folder',2005-03-03 16:25:00,8,, 29, 'User Acceptance 05', 'ua_05',1,ua,0,05,
240,2007-06-29 23:27:28, 'resource/x-bb-folder',2005-03-04 10:36:13,55,,0, 'Testing webdav', 'test_webdav',0,test,0,webdav,
241,2007-06-29 23:27:28, 'resource/x-bb-folder',2005-03-04 10:36:13,55,,0, 'Testing webdav', 'test_webdav',0,test,0,webdav,
242,2007-06-29 23:27:28, 'resource/x-bb-folder',2005-03-04 10:36:13,55,,0, 'Testing webdav', 'test_webdav',0,test,0,webdav,
243,2007-06-29 23:27:28, 'resource/x-bb-folder',2005-03-04 10:36:13,55,,0, 'Testing webdav', 'test_webdav',0,test,0,webdav,
316,2007-06-29 23:27:28, 'resource/x-bb-folder',2005-03-04 16:27:25,79,,0, 'Computers & Curriculum', '485837_2005_1',0,485837,2005,1,
321,2007-06-29 23:27:28, 'resource/x-bb-folder',2005-03-04 16:27:25,80,,0, 'Organisational Behaviour', '325201_2005_1',0,325201,2005,1,
327,2007-06-29 23:27:28, 'resource/x-bb-folder',2005-03-04 16:27:25,82,,0, 'Contemporary Hollywood Cinema', '107076_2005_1',0,107076,2005,1,
361,2007-06-29 23:27:28, 'resource/x-bb-folder',2005-03-04 16:27:35,94,,0, 'Dental Practice 4', '511422_2005_Y',0,511422,2005,Y,
363,2007-06-29 23:27:28, 'resource/x-bb-folder',2005-03-04 16:27:35,94,,0, 'Dental Practice 4', '511422_2005_Y',0,511422,2005,Y,
364,2007-06-29 23:27:28, 'resource/x-bb-folder',2005-03-04 16:58:59,80,,0, 'Organisational Behaviour', '325201_2005_1',0,325201,2005,1,
365,2007-06-29 23:27:28, 'resource/x-bb-folder',2005-03-04 16:58:59,80,,0, 'Organisational Behaviour', '325201_2005_1',0,325201,2005,1,
366,2007-06-29 23:27:28, 'resource/x-bb-folder',2005-03-04 16:58:59,80,,0, 'Organisational Behaviour', '325201_2005_1',0,325201,2005,1,
367,2007-06-29 23:27:28, 'resource/x-bb-document',2005-02-11 17:20:00,80,, 365, 'Organisational Behaviour', '325201_2005_1',1,325201,2005,1,
441,2007-06-29 23:27:28, 'resource/x-bb-folder',2005-03-04 17:33:00,94,,0, 'Dental Practice 4', '511422_2005_Y',0,511422,2005,Y,
444,2007-06-29 23:27:28, 'resource/x-bb-folder',2005-03-04 17:38:53,82,,0, 'Contemporary Hollywood Cinema', '107076_2005_1',0,107076,2005,1,
445,2007-06-29 23:27:28, 'resource/x-bb-folder',2005-03-04 17:38:54,82,,0, 'Contemporary Hollywood Cinema', '107076_2005_1',0,107076,2005,1,
472,2007-06-29 23:27:28, 'resource/x-bb-folder',2005-03-05 18:32:04,95,,0, 'LMS Academic Services Demo', 'N832RCM_2005_01',0,N832RCM,2005,01,
473,2007-06-29 23:27:28, 'resource/x-bb-folder',2005-03-05 18:32:04,95,,0, 'LMS Academic Services Demo', 'N832RCM_2005_01',0,N832RCM,2005,01,
474,2007-06-29 23:27:28, 'resource/x-bb-folder',2005-03-05 18:32:04,95,,0, 'LMS Academic Services Demo', 'N832RCM_2005_01',0,N832RCM,2005,01,
481,2007-06-29 23:27:28, 'resource/x-bb-folder',2005-03-07 09:43:37,96,,0, 'Help Desk Test Subject', 'HD101',0,HD101,0,0,0
482,2007-06-29 23:27:28, 'resource/x-bb-folder',2005-03-07 09:43:37,96,,0, 'Help Desk Test Subject', 'HD101',0,HD101,0,0,0
483,2007-06-29 23:27:28, 'resource/x-bb-folder',2005-03-07 09:43:37,96,,0, 'Help Desk Test Subject', 'HD101',0,HD101,0,0,0
484,2007-06-29 23:27:28, 'resource/x-bb-folder',2005-03-07 15:30:36,79,,0, 'Computers & Curriculum', '485837_2005_1',0,485837,2005,1,
486,2007-06-29 23:27:28, 'resource/x-bb-folder',2005-03-07 15:30:55,97,,0, 'Demonstration Subject', 'LMS002',0,LMS002,0,0,0
491,2007-06-29 23:27:28, 'resource/x-bb-folder',2005-03-07 16:47:45,99,,0, 'Australian Architecture', '702331_2005_1',0,702331,2005,1,
493,2007-06-29 23:27:28, 'resource/x-bb-folder',2005-03-07 16:47:45,99,,0, 'Australian Architecture', '702331_2005_1',0,702331,2005,1,
494,2007-06-29 23:27:28, 'resource/x-bb-folder',2005-03-07 16:47:45,100,,0, 'Strategic Management', '325664_2005_1',0,325664,2005,1,
496,2007-06-29 23:27:28, 'resource/x-bb-folder',2005-03-07 16:47:45,100,,0, 'Strategic Management', '325664_2005_1',0,325664,2005,1,
500,2007-06-29 23:27:28, 'resource/x-bb-folder',2005-03-07 19:55:06,100,,0, 'Strategic Management', '325664_2005_1',0,325664,2005,1,
501,2007-06-29 23:27:28, 'resource/x-bb-folder',2005-03-07 19:55:06,100,,0, 'Strategic Management', '325664_2005_1',0,325664,2005,1,
502,2007-06-29 23:27:28, 'resource/x-bb-document',2005-02-16 16:35:00,100,, 494, 'Strategic Management', '325664_2005_1',1,325664,2005,1,
504,2007-06-29 23:27:28, 'resource/x-bb-assignment',2005-02-17 14:00:00,100,, 496, 'Strategic Management', '325664_2005_1',1,325664,2005,1,
505,2007-06-29 23:27:28, 'resource/x-bb-assignment',2005-02-17 14:10:00,100,, 496, 'Strategic Management', '325664_2005_1',1,325664,2005,1,
506,2007-06-29 23:27:28, 'resource/x-bb-assignment',2005-02-17 14:20:00,100,, 496, 'Strategic Management', '325664_2005_1',1,325664,2005,1,
507,2007-06-29 23:27:28, 'resource/x-bb-folder',2005-02-17 14:29:34,100,, 501, 'Strategic Management', '325664_2005_1',1,325664,2005,1,
508,2007-06-29 23:27:28, 'resource/x-bb-externallink',2005-02-16 16:21:29,100,, 507, 'Strategic Management', '325664_2005_1',2,325664,2005,1,
509,2007-06-29 23:27:28, 'resource/x-bb-externallink',2005-02-16 13:20:00,100,, 507, 'Strategic Management', '325664_2005_1',2,325664,2005,1,
510,2007-06-29 23:27:28, 'resource/x-bb-externallink',2005-02-16 13:20:00,100,, 507, 'Strategic Management', '325664_2005_1',2,325664,2005,1,
511,2007-06-29 23:27:28, 'resource/x-bb-externallink',2005-02-16 16:10:00,100,, 507, 'Strategic Management', '325664_2005_1',2,325664,2005,1,
512,2007-06-29 23:27:28, 'resource/x-bb-externallink',2005-02-16 13:20:00,100,, 507, 'Strategic Management', '325664_2005_1',2,325664,2005,1,
513,2007-06-29 23:27:28, 'resource/x-bb-externallink',2005-02-16 16:16:09,100,, 507, 'Strategic Management', '325664_2005_1',2,325664,2005,1,
514,2007-06-29 23:27:28, 'resource/x-bb-externallink',2005-02-16 16:16:48,100,, 507, 'Strategic Management', '325664_2005_1',2,325664,2005,1,
515,2007-06-29 23:27:28, 'resource/x-bb-externallink',2005-02-16 16:15:00,100,, 507, 'Strategic Management', '325664_2005_1',2,325664,2005,1,
516,2007-06-29 23:27:28, 'resource/x-bb-externallink',2005-02-16 16:15:00,100,, 507, 'Strategic Management', '325664_2005_1',2,325664,2005,1,
517,2007-06-29 23:27:28, 'resource/x-bb-externallink',2005-02-16 16:19:41,100,, 507, 'Strategic Management', '325664_2005_1',2,325664,2005,1,
518,2007-06-29 23:27:28, 'resource/x-bb-folder',2005-02-17 14:41:11,100,, 501, 'Strategic Management', '325664_2005_1',1,325664,2005,1,
519,2007-06-29 23:27:28, 'resource/x-bb-externallink',2005-02-17 14:43:29,100,, 518, 'Strategic Management', '325664_2005_1',2,325664,2005,1,
520,2007-06-29 23:27:28, 'resource/x-bb-externallink',2005-02-17 14:45:00,100,, 518, 'Strategic Management', '325664_2005_1',2,325664,2005,1,
521,2007-06-29 23:27:28, 'resource/x-bb-externallink',2005-02-17 14:45:00,100,, 518, 'Strategic Management', '325664_2005_1',2,325664,2005,1,
522,2007-06-29 23:27:28, 'resource/x-bb-externallink',2005-02-17 14:45:00,100,, 518, 'Strategic Management', '325664_2005_1',2,325664,2005,1,
523,2007-06-29 23:27:28, 'resource/x-bb-externallink',2005-02-17 14:50:00,100,, 518, 'Strategic Management', '325664_2005_1',2,325664,2005,1,
524,2007-06-29 23:27:28, 'resource/x-bb-externallink',2005-02-17 14:57:23,100,, 518, 'Strategic Management', '325664_2005_1',2,325664,2005,1,
525,2007-06-29 23:27:28, 'resource/x-bb-externallink',2005-02-17 14:59:51,100,, 518, 'Strategic Management', '325664_2005_1',2,325664,2005,1,
526,2007-06-29 23:27:28, 'resource/x-bb-externallink',2005-02-17 15:02:32,100,, 518, 'Strategic Management', '325664_2005_1',2,325664,2005,1,
527,2007-06-29 23:27:28, 'resource/x-bb-folder',2005-03-07 20:11:33,99,,0, 'Australian Architecture', '702331_2005_1',0,702331,2005,1,
528,2007-06-29 23:27:28, 'resource/x-bb-folder',2005-03-07 20:11:33,99,,0, 'Australian Architecture', '702331_2005_1',0,702331,2005,1,
529,2007-06-29 23:27:28, 'resource/x-bb-document',2005-03-01 17:25:00,99,, 491, 'Australian Architecture', '702331_2005_1',1,702331,2005,1,
530,2007-06-29 23:27:28, 'resource/x-bb-folder',2005-02-28 11:38:45,99,, 527, 'Australian Architecture', '702331_2005_1',1,702331,2005,1,
531,2007-06-29 23:27:28, 'resource/x-bb-document',2005-02-28 12:35:00,99,, 530, 'Australian Architecture', '702331_2005_1',2,702331,2005,1,
532,2007-06-29 23:27:28, 'resource/x-bb-document',2005-02-28 11:15:00,99,, 530, 'Australian Architecture', '702331_2005_1',2,702331,2005,1,
533,2007-06-29 23:27:28, 'resource/x-bb-document',2005-02-28 11:20:00,99,, 530, 'Australian Architecture', '702331_2005_1',2,702331,2005,1,
534,2007-06-29 23:27:28, 'resource/x-bb-document',2005-02-28 11:20:00,99,, 530, 'Australian Architecture', '702331_2005_1',2,702331,2005,1,
535,2007-06-29 23:27:28, 'resource/x-bb-document',2005-02-28 11:20:00,99,, 530, 'Australian Architecture', '702331_2005_1',2,702331,2005,1,
536,2007-06-29 23:27:28, 'resource/x-bb-document',2005-02-28 11:25:00,99,, 530, 'Australian Architecture', '702331_2005_1',2,702331,2005,1,
537,2007-06-29 23:27:28, 'resource/x-bb-document',2005-02-28 11:30:00,99,, 530, 'Australian Architecture', '702331_2005_1',2,702331,2005,1,
538,2007-06-29 23:27:28, 'resource/x-bb-document',2005-02-28 11:30:00,99,, 530, 'Australian Architecture', '702331_2005_1',2,702331,2005,1,
539,2007-06-29 23:27:28, 'resource/x-bb-document',2005-02-28 11:30:00,99,, 530, 'Australian Architecture', '702331_2005_1',2,702331,2005,1,
540,2007-06-29 23:27:28, 'resource/x-bb-document',2005-02-28 11:30:00,99,, 530, 'Australian Architecture', '702331_2005_1',2,702331,2005,1,
541,2007-06-29 23:27:28, 'resource/x-bb-document',2005-02-28 11:30:00,99,, 530, 'Australian Architecture', '702331_2005_1',2,702331,2005,1,
542,2007-06-29 23:27:28, 'resource/x-bb-document',2005-02-28 11:50:00,99,, 530, 'Australian Architecture', '702331_2005_1',2,702331,2005,1,
543,2007-06-29 23:27:28, 'resource/x-bb-document',2005-02-28 11:50:00,99,, 530, 'Australian Architecture', '702331_2005_1',2,702331,2005,1,
544,2007-06-29 23:27:28, 'resource/x-bb-document',2005-02-28 11:50:00,99,, 530, 'Australian Architecture', '702331_2005_1',2,702331,2005,1,
545,2007-06-29 23:27:28, 'resource/x-bb-document',2005-02-28 11:55:00,99,, 530, 'Australian Architecture', '702331_2005_1',2,702331,2005,1,
546,2007-06-29 23:27:28, 'resource/x-bb-document',2005-02-28 11:55:00,99,, 530, 'Australian Architecture', '702331_2005_1',2,702331,2005,1,
547,2007-06-29 23:27:28, 'resource/x-bb-document',2005-02-28 11:55:00,99,, 530, 'Australian Architecture', '702331_2005_1',2,702331,2005,1,
548,2007-06-29 23:27:28, 'resource/x-bb-document',2005-02-28 11:55:00,99,, 530, 'Australian Architecture', '702331_2005_1',2,702331,2005,1,
549,2007-06-29 23:27:28, 'resource/x-bb-document',2005-02-28 11:55:00,99,, 530, 'Australian Architecture', '702331_2005_1',2,702331,2005,1,
550,2007-06-29 23:27:28, 'resource/x-bb-document',2005-02-28 11:55:00,99,, 530, 'Australian Architecture', '702331_2005_1',2,702331,2005,1,
551,2007-06-29 23:27:28, 'resource/x-bb-document',2005-02-28 11:55:00,99,, 530, 'Australian Architecture', '702331_2005_1',2,702331,2005,1,
552,2007-06-29 23:27:28, 'resource/x-bb-document',2005-02-28 11:55:00,99,, 530, 'Australian Architecture', '702331_2005_1',2,702331,2005,1,
553,2007-06-29 23:27:28, 'resource/x-bb-document',2005-02-28 11:55:00,99,, 530, 'Australian Architecture', '702331_2005_1',2,702331,2005,1,
554,2007-06-29 23:27:28, 'resource/x-bb-document',2005-02-28 12:00:00,99,, 530, 'Australian Architecture', '702331_2005_1',2,702331,2005,1,
555,2007-06-29 23:27:28, 'resource/x-bb-document',2005-02-28 12:00:00,99,, 530, 'Australian Architecture', '702331_2005_1',2,702331,2005,1,
556,2007-06-29 23:27:28, 'resource/x-bb-folder',2005-02-28 11:45:00,99,, 527, 'Australian Architecture', '702331_2005_1',1,702331,2005,1,
557,2007-06-29 23:27:28, 'resource/x-bb-document',2005-03-01 17:05:00,99,, 556, 'Australian Architecture', '702331_2005_1',2,702331,2005,1,
558,2007-06-29 23:27:28, 'resource/x-bb-document',2005-03-01 17:05:00,99,, 556, 'Australian Architecture', '702331_2005_1',2,702331,2005,1,
559,2007-06-29 23:27:28, 'resource/x-bb-document',2005-03-01 17:10:00,99,, 556, 'Australian Architecture', '702331_2005_1',2,702331,2005,1,
560,2007-06-29 23:27:28, 'resource/x-bb-document',2005-03-01 17:10:00,99,, 556, 'Australian Architecture', '702331_2005_1',2,702331,2005,1,
561,2007-06-29 23:27:28, 'resource/x-bb-document',2005-03-01 17:10:00,99,, 556, 'Australian Architecture', '702331_2005_1',2,702331,2005,1,
562,2007-06-29 23:27:28, 'resource/x-bb-document',2005-03-01 17:10:00,99,, 556, 'Australian Architecture', '702331_2005_1',2,702331,2005,1,
563,2007-06-29 23:27:28, 'resource/x-bb-document',2005-03-01 17:10:00,99,, 556, 'Australian Architecture', '702331_2005_1',2,702331,2005,1,
564,2007-06-29 23:27:28, 'resource/x-bb-document',2005-03-01 17:15:00,99,, 556, 'Australian Architecture', '702331_2005_1',2,702331,2005,1,
565,2007-06-29 23:27:28, 'resource/x-bb-document',2005-03-01 17:15:00,99,, 556, 'Australian Architecture', '702331_2005_1',2,702331,2005,1,
566,2007-06-29 23:27:28, 'resource/x-bb-document',2005-03-01 17:15:00,99,, 556, 'Australian Architecture', '702331_2005_1',2,702331,2005,1,
567,2007-06-29 23:27:28, 'resource/x-bb-document',2005-03-01 17:20:00,99,, 556, 'Australian Architecture', '702331_2005_1',2,702331,2005,1,
571,2007-06-29 23:27:28, 'resource/x-bb-folder',2005-03-07 20:24:26,101,,0, 'Biochemistry & Molecular Biology Part A', '521211_2005_1',0,521211,2005,1,
572,2007-06-29 23:27:28, 'resource/x-bb-folder',2005-03-07 20:24:26,101,,0, 'Biochemistry & Molecular Biology Part A', '521211_2005_1',0,521211,2005,1,
574,2007-06-29 23:27:28, 'resource/x-bb-folder',2005-03-07 20:24:27,101,,0, 'Biochemistry & Molecular Biology Part A', '521211_2005_1',0,521211,2005,1,
580,2007-06-29 23:27:28, 'resource/x-bb-folder',2005-03-15 19:20:00,101,, 571, 'Biochemistry & Molecular Biology Part A', '521211_2005_1',1,521211,2005,1,
584,2007-06-29 23:27:28, 'resource/x-bb-folder',,101,, 571, 'Biochemistry & Molecular Biology Part A', '521211_2005_1',1,521211,2005,1,
586,2007-06-29 23:27:28, 'resource/x-bb-externallink',2005-02-04 19:30:00,101,, 572, 'Biochemistry & Molecular Biology Part A', '521211_2005_1',1,521211,2005,1,
587,2007-06-29 23:27:28, 'resource/x-bb-externallink',2005-02-04 19:30:00,101,2005-07-18 20:35:00, 572, 'Biochemistry & Molecular Biology Part A', '521211_2005_1',1,521211,2005,1,
595,2007-06-29 23:27:28, 'resource/x-bb-externallink',2005-02-15 17:15:00,101,, 574, 'Biochemistry & Molecular Biology Part A', '521211_2005_1',1,521211,2005,1,
597,2007-06-29 23:27:28, 'resource/x-bb-document',2005-03-08 17:05:00,100,, 500, 'Strategic Management', '325664_2005_1',1,325664,2005,1,
609,2007-06-29 23:27:28, 'resource/x-bb-asmt-test-link',2005-03-26 09:35:00,96,2006-04-02 09:40:00, 483, 'Help Desk Test Subject', 'HD101',1,HD101,0,0,0
2452,2007-06-29 23:27:28, 'resource/x-bb-folder',2005-03-14 11:44:17,716,,0, 'Civil Litigation', '730384_2005_1',0,730384,2005,1,
2453,2007-06-29 23:27:28, 'resource/x-bb-folder',2005-03-14 11:44:17,716,,0, 'Civil Litigation', '730384_2005_1',0,730384,2005,1,
2454,2007-06-29 23:27:28, 'resource/x-bb-folder',2005-03-14 11:44:17,716,,0, 'Civil Litigation', '730384_2005_1',0,730384,2005,1,
2593,2007-06-29 23:27:28, 'resource/x-bb-folder',2005-03-14 11:44:22,763,,0, 'Cattle 2', '250420_2005_1',0,250420,2005,1,
2595,2007-06-29 23:27:28, 'resource/x-bb-folder',2005-03-14 11:44:22,763,,0, 'Cattle 2', '250420_2005_1',0,250420,2005,1,
7603,2007-06-29 23:27:28, 'resource/x-bb-folder',2005-03-14 11:48:08,2433,,0, 'Project Economics and Finance', '702665_2005_1',0,702665,2005,1,
7604,2007-06-29 23:27:28, 'resource/x-bb-folder',2005-03-14 11:48:08,2433,,0, 'Project Economics and Finance', '702665_2005_1',0,702665,2005,1,
7605,2007-06-29 23:27:28, 'resource/x-bb-folder',2005-03-14 11:48:08,2433,,0, 'Project Economics and Finance', '702665_2005_1',0,702665,2005,1,
8494,2007-06-29 23:27:28, 'resource/x-bb-folder',2005-03-14 11:48:49,2730,,0, 'Online Language Learning', '183506_2005_1',0,183506,2005,1,
8495,2007-06-29 23:27:28, 'resource/x-bb-folder',2005-03-14 11:48:49,2730,,0, 'Online Language Learning', '183506_2005_1',0,183506,2005,1,
8496,2007-06-29 23:27:28, 'resource/x-bb-folder',2005-03-14 11:48:49,2730,,0, 'Online Language Learning', '183506_2005_1',0,183506,2005,1,
8877,2007-06-29 23:27:28, 'resource/x-bb-folder',2005-03-14 11:49:09,2857,,0," 'Asia, the Pacific and the West'", '131214_2005_1',0,131214,2005,1,
11107,2007-06-29 23:27:28, 'resource/x-bb-folder',2005-03-14 11:51:00,3601,,0, 'Veterinary Pharmacology & Toxicology A', '250218_2005_1',0,250218,2005,1,
11108,2007-06-29 23:27:28, 'resource/x-bb-folder',2005-03-14 11:51:00,3601,,0, 'Veterinary Pharmacology & Toxicology A', '250218_2005_1',0,250218,2005,1,
11109,2007-06-29 23:27:28, 'resource/x-bb-folder',2005-03-14 11:51:00,3601,,0, 'Veterinary Pharmacology & Toxicology A', '250218_2005_1',0,250218,2005,1,
11743,2007-06-29 23:27:28, 'resource/x-bb-folder',2005-03-14 11:51:36,3813,,0," 'Literature, Culture, History'", '106120_2005_2',0,106120,2005,2,
11745,2007-06-29 23:27:28, 'resource/x-bb-folder',2005-03-14 11:51:36,3813,,0," 'Literature, Culture, History'", '106120_2005_2',0,106120,2005,2,
11788,2007-06-29 23:27:28, 'resource/x-bb-folder',2005-03-14 11:51:38,3828,,0, 'Logistic Regression & Survival Analysis', '505417_2005_2',0,505417,2005,2,
11789,2007-06-29 23:27:28, 'resource/x-bb-folder',2005-03-14 11:51:38,3828,,0, 'Logistic Regression & Survival Analysis', '505417_2005_2',0,505417,2005,2,
11905,2007-06-29 23:27:28, 'resource/x-bb-folder',2005-03-14 11:51:45,3867,,0, 'Corporate Finance', '333302_2005_2',0,333302,2005,2,
11906,2007-06-29 23:27:28, 'resource/x-bb-folder',2005-03-14 11:51:45,3867,,0, 'Corporate Finance', '333302_2005_2',0,333302,2005,2,
11907,2007-06-29 23:27:28, 'resource/x-bb-folder',2005-03-14 11:51:45,3867,,0, 'Corporate Finance', '333302_2005_2',0,333302,2005,2,
11938,2007-06-29 23:27:28, 'resource/x-bb-folder',2005-03-14 11:51:46,3878,,0, 'Financial Accounting', '306301_2005_2',0,306301,2005,2,
11939,2007-06-29 23:27:28, 'resource/x-bb-folder',2005-03-14 11:51:46,3878,,0, 'Financial Accounting', '306301_2005_2',0,306301,2005,2,
11971,2007-06-29 23:27:28, 'resource/x-bb-folder',2005-03-14 11:51:48,3889,,0, 'Construction Technology 1B', '702138_2005_2',0,702138,2005,2,
11972,2007-06-29 23:27:28, 'resource/x-bb-folder',2005-03-14 11:51:48,3889,,0, 'Construction Technology 1B', '702138_2005_2',0,702138,2005,2,
11973,2007-06-29 23:27:28, 'resource/x-bb-folder',2005-03-14 11:51:48,3889,,0, 'Construction Technology 1B', '702138_2005_2',0,702138,2005,2,
12064,2007-06-29 23:27:28, 'resource/x-bb-folder',2005-03-14 11:51:52,3920,,0, 'Literacy Intervention Strategies', '472697_2005_2',0,472697,2005,2,
12065,2007-06-29 23:27:28, 'resource/x-bb-folder',2005-03-14 11:51:52,3920,,0, 'Literacy Intervention Strategies', '472697_2005_2',0,472697,2005,2,
12066,2007-06-29 23:27:28, 'resource/x-bb-folder',2005-03-14 11:51:52,3920,,0, 'Literacy Intervention Strategies', '472697_2005_2',0,472697,2005,2,
12304,2007-06-29 23:27:28, 'resource/x-bb-folder',2005-03-14 11:52:05,4000,,0, 'Introduction to Indigenous Cultures', '121104_2005_2',0,121104,2005,2,
12305,2007-06-29 23:27:28, 'resource/x-bb-folder',2005-03-14 11:52:05,4000,,0, 'Introduction to Indigenous Cultures', '121104_2005_2',0,121104,2005,2,
12306,2007-06-29 23:27:28, 'resource/x-bb-folder',2005-03-14 11:52:05,4000,,0, 'Introduction to Indigenous Cultures', '121104_2005_2',0,121104,2005,2,
12339,2007-06-29 23:27:28, 'resource/x-bb-folder',2005-03-14 11:52:07,4011,,0, 'Current Issues in Philosophy of Science', '136044_2005_2',0,136044,2005,2,
12388,2007-06-29 23:27:28, 'resource/x-bb-folder',2005-03-14 11:52:09,4028,,0, 'Music Criticism', '740449_2005_2',0,740449,2005,2,
12389,2007-06-29 23:27:28, 'resource/x-bb-folder',2005-03-14 11:52:09,4028,,0, 'Music Criticism', '740449_2005_2',0,740449,2005,2,
12390,2007-06-29 23:27:28, 'resource/x-bb-folder',2005-03-14 11:52:09,4028,,0, 'Music Criticism', '740449_2005_2',0,740449,2005,2,
12493,2007-06-29 23:27:28, 'resource/x-bb-folder',2005-03-14 11:52:14,4063,,0, 'Modern Architecture B: 20th Century', '702232_2005_2',0,702232,2005,2,
12494,2007-06-29 23:27:28, 'resource/x-bb-folder',2005-03-14 11:52:14,4063,,0, 'Modern Architecture B: 20th Century', '702232_2005_2',0,702232,2005,2,
12495,2007-06-29 23:27:28, 'resource/x-bb-folder',2005-03-14 11:52:14,4063,,0, 'Modern Architecture B: 20th Century', '702232_2005_2',0,702232,2005,2,
12523,2007-06-29 23:27:28, 'resource/x-bb-folder',2005-03-14 11:52:16,4073,,0, 'Microeconomics and Strategy', '316660_2005_2',0,316660,2005,2,
12524,2007-06-29 23:27:28, 'resource/x-bb-folder',2005-03-14 11:52:16,4073,,0, 'Microeconomics and Strategy', '316660_2005_2',0,316660,2005,2,
12525,2007-06-29 23:27:28, 'resource/x-bb-folder',2005-03-14 11:52:16,4073,,0, 'Microeconomics and Strategy', '316660_2005_2',0,316660,2005,2,
12733,2007-06-29 23:27:28, 'resource/x-bb-folder',2005-03-14 11:52:28,4143,,0, 'Global Ecology and Biodiversity', '121172_2005_2',0,121172,2005,2,
12734,2007-06-29 23:27:28, 'resource/x-bb-folder',2005-03-14 11:52:28,4143,,0, 'Global Ecology and Biodiversity', '121172_2005_2',0,121172,2005,2,
12735,2007-06-29 23:27:28, 'resource/x-bb-folder',2005-03-14 11:52:28,4143,,0, 'Global Ecology and Biodiversity', '121172_2005_2',0,121172,2005,2,
12808,2007-06-29 23:27:28, 'resource/x-bb-folder',2005-03-14 11:52:33,4168,,0, 'Advanced Psychodynamic Perspectives', '196520_2005_2',0,196520,2005,2,
12809,2007-06-29 23:27:28, 'resource/x-bb-folder',2005-03-14 11:52:33,4168,,0, 'Advanced Psychodynamic Perspectives', '196520_2005_2',0,196520,2005,2,
12810,2007-06-29 23:27:28, 'resource/x-bb-folder',2005-03-14 11:52:33,4168,,0, 'Advanced Psychodynamic Perspectives', '196520_2005_2',0,196520,2005,2,
12824,2007-06-29 23:27:28, 'resource/x-bb-folder',2005-03-14 11:52:33,4173,,0, 'Human Psychophysiology 3', '512330_2005_2',0,512330,2005,2,
12825,2007-06-29 23:27:28, 'resource/x-bb-folder',2005-03-14 11:52:33,4173,,0, 'Human Psychophysiology 3', '512330_2005_2',0,512330,2005,2,
12835,2007-06-29 23:27:28, 'resource/x-bb-folder',2005-03-14 11:52:34,4177,,0, 'Environmental Engineering Design 1 2005', '421322_2005_2',0,421322,2005,2,
12836,2007-06-29 23:27:28, 'resource/x-bb-folder',2005-03-14 11:52:34,4177,,0, 'Environmental Engineering Design 1 2005', '421322_2005_2',0,421322,2005,2,
12837,2007-06-29 23:27:28, 'resource/x-bb-folder',2005-03-14 11:52:34,4177,,0, 'Environmental Engineering Design 1 2005', '421322_2005_2',0,421322,2005,2,
12919,2007-06-29 23:27:28, 'resource/x-bb-folder',2005-03-14 11:52:38,4205,,0, 'Construction Technology 3', '702338_2005_2',0,702338,2005,2,
12920,2007-06-29 23:27:28, 'resource/x-bb-folder',2005-03-14 11:52:38,4205,,0, 'Construction Technology 3', '702338_2005_2',0,702338,2005,2,
12921,2007-06-29 23:27:28, 'resource/x-bb-folder',2005-03-14 11:52:38,4205,,0, 'Construction Technology 3', '702338_2005_2',0,702338,2005,2,
12982,2007-06-29 23:27:28, 'resource/x-bb-folder',2005-03-14 11:52:42,4226,,0, 'Music Techniques 1-2', '740129_2005_2',0,740129,2005,2,
12983,2007-06-29 23:27:28, 'resource/x-bb-folder',2005-03-14 11:52:42,4226,,0, 'Music Techniques 1-2', '740129_2005_2',0,740129,2005,2,
12984,2007-06-29 23:27:28, 'resource/x-bb-folder',2005-03-14 11:52:42,4226,,0, 'Music Techniques 1-2', '740129_2005_2',0,740129,2005,2,
13246,2007-06-29 23:27:28, 'resource/x-bb-folder',2005-03-14 11:52:55,4314,,0, 'Financial Accounting', '306684_2005_2',0,306684,2005,2,
13247,2007-06-29 23:27:28, 'resource/x-bb-folder',2005-03-14 11:52:55,4314,,0, 'Financial Accounting', '306684_2005_2',0,306684,2005,2,
13297,2007-06-29 23:27:28, 'resource/x-bb-folder',2005-03-14 11:52:58,4331,,0, 'Business Finance', '333201_2005_2',0,333201,2005,2,
13298,2007-06-29 23:27:28, 'resource/x-bb-folder',2005-03-14 11:52:58,4331,,0, 'Business Finance', '333201_2005_2',0,333201,2005,2,
13299,2007-06-29 23:27:28, 'resource/x-bb-folder',2005-03-14 11:52:58,4331,,0, 'Business Finance', '333201_2005_2',0,333201,2005,2,
13300,2007-06-29 23:27:28, 'resource/x-bb-folder',2005-03-14 11:52:58,4332,,0, 'Financial Engineering', '333678_2005_2',0,333678,2005,2,
13301,2007-06-29 23:27:28, 'resource/x-bb-folder',2005-03-14 11:52:58,4332,,0, 'Financial Engineering', '333678_2005_2',0,333678,2005,2,
13302,2007-06-29 23:27:28, 'resource/x-bb-folder',2005-03-14 11:52:58,4332,,0, 'Financial Engineering', '333678_2005_2',0,333678,2005,2,
13339,2007-06-29 23:27:28, 'resource/x-bb-folder',2005-03-14 11:53:00,4345,,0, 'Chemistry B (Advanced Studies Program)', '610122_2005_2',0,610122,2005,2,
13340,2007-06-29 23:27:28, 'resource/x-bb-folder',2005-03-14 11:53:00,4345,,0, 'Chemistry B (Advanced Studies Program)', '610122_2005_2',0,610122,2005,2,
13477,2007-06-29 23:27:28, 'resource/x-bb-folder',2005-03-14 11:53:07,4391,,0, 'Management Field Project', '325330_2005_2',0,325330,2005,2,
13479,2007-06-29 23:27:28, 'resource/x-bb-folder',2005-03-14 11:53:07,4391,,0, 'Management Field Project', '325330_2005_2',0,325330,2005,2,
13519,2007-06-29 23:27:28, 'resource/x-bb-folder',2005-03-14 11:53:09,4405,,0, 'Organisational Behaviour', '325201_2005_2',0,325201,2005,2,
13520,2007-06-29 23:27:28, 'resource/x-bb-folder',2005-03-14 11:53:09,4405,,0, 'Organisational Behaviour', '325201_2005_2',0,325201,2005,2,
13521,2007-06-29 23:27:28, 'resource/x-bb-folder',2005-03-14 11:53:09,4405,,0, 'Organisational Behaviour', '325201_2005_2',0,325201,2005,2,
13660,2007-06-29 23:27:28, 'resource/x-bb-folder',2005-03-14 11:53:17,4452,,0, 'Developing Multimedia for Education', '485832_2005_2',0,485832,2005,2,
13661,2007-06-29 23:27:28, 'resource/x-bb-folder',2005-03-14 11:53:17,4452,,0, 'Developing Multimedia for Education', '485832_2005_2',0,485832,2005,2,
13662,2007-06-29 23:27:28, 'resource/x-bb-folder',2005-03-14 11:53:17,4452,,0, 'Developing Multimedia for Education', '485832_2005_2',0,485832,2005,2,
13741,2007-06-29 23:27:28, 'resource/x-bb-folder',2005-03-14 11:53:22,4479,,0, 'RESPECT', '100445_2005_2',0,100445,2005,2,
13742,2007-06-29 23:27:28, 'resource/x-bb-folder',2005-03-14 11:53:22,4479,,0, 'RESPECT', '100445_2005_2',0,100445,2005,2,
13743,2007-06-29 23:27:28, 'resource/x-bb-folder',2005-03-14 11:53:22,4479,,0, 'RESPECT', '100445_2005_2',0,100445,2005,2,
13816,2007-06-29 23:27:28, 'resource/x-bb-folder',2005-03-14 11:53:26,4504,,0, 'Urbanisation and Urban Development', '705289_2005_2',0,705289,2005,2,
13817,2007-06-29 23:27:28, 'resource/x-bb-folder',2005-03-14 11:53:26,4504,,0, 'Urbanisation and Urban Development', '705289_2005_2',0,705289,2005,2,
13818,2007-06-29 23:27:28, 'resource/x-bb-folder',2005-03-14 11:53:26,4504,,0, 'Urbanisation and Urban Development', '705289_2005_2',0,705289,2005,2,
13825,2007-06-29 23:27:28, 'resource/x-bb-folder',2005-03-14 11:53:26,4507,,0, 'Italian Part 3 Language 2', '116065_2005_2',0,116065,2005,2,
13826,2007-06-29 23:27:28, 'resource/x-bb-folder',2005-03-14 11:53:26,4507,,0, 'Italian Part 3 Language 2', '116065_2005_2',0,116065,2005,2,
13827,2007-06-29 23:27:28, 'resource/x-bb-folder',2005-03-14 11:53:26,4507,,0, 'Italian Part 3 Language 2', '116065_2005_2',0,116065,2005,2,
13846,2007-06-29 23:27:28, 'resource/x-bb-folder',2005-03-14 11:53:27,4514,,0, 'Reproduction', '654304_2005_2',0,654304,2005,2,
13847,2007-06-29 23:27:28, 'resource/x-bb-folder',2005-03-14 11:53:27,4514,,0, 'Reproduction', '654304_2005_2',0,654304,2005,2,
13848,2007-06-29 23:27:28, 'resource/x-bb-folder',2005-03-14 11:53:27,4514,,0, 'Reproduction', '654304_2005_2',0,654304,2005,2,
13870,2007-06-29 23:27:28, 'resource/x-bb-folder',2005-03-14 11:53:29,4522,,0, 'Music Therapy in Contemporary Contexts', '740434_2005_2',0,740434,2005,2,
13871,2007-06-29 23:27:28, 'resource/x-bb-folder',2005-03-14 11:53:29,4522,,0, 'Music Therapy in Contemporary Contexts', '740434_2005_2',0,740434,2005,2,
13872,2007-06-29 23:27:28, 'resource/x-bb-folder',2005-03-14 11:53:29,4522,,0, 'Music Therapy in Contemporary Contexts', '740434_2005_2',0,740434,2005,2,
13873,2007-06-29 23:27:28, 'resource/x-bb-folder',2005-03-14 11:53:29,4523,,0, 'Computer Mediated Communication', '183202_2005_2',0,183202,2005,2,
13874,2007-06-29 23:27:28, 'resource/x-bb-folder',2005-03-14 11:53:29,4523,,0, 'Computer Mediated Communication', '183202_2005_2',0,183202,2005,2,
13875,2007-06-29 23:27:28, 'resource/x-bb-folder',2005-03-14 11:53:29,4523,,0, 'Computer Mediated Communication', '183202_2005_2',0,183202,2005,2,
13906,2007-06-29 23:27:28, 'resource/x-bb-folder',2005-03-14 11:53:30,4534,,0, 'Connected Technologies in Organisations', '615652_2005_2',0,615652,2005,2,
13907,2007-06-29 23:27:28, 'resource/x-bb-folder',2005-03-14 11:53:30,4534,,0, 'Connected Technologies in Organisations', '615652_2005_2',0,615652,2005,2,
13996,2007-06-29 23:27:28, 'resource/x-bb-folder',2005-03-14 11:53:36,4564,,0, 'Mathematics A', '620141_2005_2',0,620141,2005,2,
13997,2007-06-29 23:27:28, 'resource/x-bb-folder',2005-03-14 11:53:36,4564,,0, 'Mathematics A', '620141_2005_2',0,620141,2005,2,
13998,2007-06-29 23:27:28, 'resource/x-bb-folder',2005-03-14 11:53:36,4564,,0, 'Mathematics A', '620141_2005_2',0,620141,2005,2,
14075,2007-06-29 23:27:28, 'resource/x-bb-folder',2005-03-14 11:53:40,4590,,0, 'Learning Area(EC): Mathematics 3', '485301_2005_2',0,485301,2005,2,
14076,2007-06-29 23:27:28, 'resource/x-bb-folder',2005-03-14 11:53:40,4590,,0, 'Learning Area(EC): Mathematics 3', '485301_2005_2',0,485301,2005,2,
14231,2007-06-29 23:27:28, 'resource/x-bb-folder',2005-03-14 11:53:48,4642,,0, 'Organisational Processes', '615150_2005_2',0,615150,2005,2,
14308,2007-06-29 23:27:28, 'resource/x-bb-folder',2005-03-14 11:53:51,4668,,0," 'Blood, Guts and Science'", '136039_2005_2',0,136039,2005,2,
14309,2007-06-29 23:27:28, 'resource/x-bb-folder',2005-03-14 11:53:51,4668,,0," 'Blood, Guts and Science'", '136039_2005_2',0,136039,2005,2,
14310,2007-06-29 23:27:28, 'resource/x-bb-folder',2005-03-14 11:53:51,4668,,0," 'Blood, Guts and Science'", '136039_2005_2',0,136039,2005,2,
14389,2007-06-29 23:27:28, 'resource/x-bb-folder',2005-03-14 11:53:56,4695,,0, 'Human Risk and Vulnerable Populations', '196002_2005_2',0,196002,2005,2,
14390,2007-06-29 23:27:28, 'resource/x-bb-folder',2005-03-14 11:53:56,4695,,0, 'Human Risk and Vulnerable Populations', '196002_2005_2',0,196002,2005,2,
14391,2007-06-29 23:27:28, 'resource/x-bb-folder',2005-03-14 11:53:56,4695,,0, 'Human Risk and Vulnerable Populations', '196002_2005_2',0,196002,2005,2,
14398,2007-06-29 23:27:28, 'resource/x-bb-folder',2005-03-14 11:53:57,4698,,0, 'Energy for Sustainable Development', '421619_2005_2',0,421619,2005,2,
14399,2007-06-29 23:27:28, 'resource/x-bb-folder',2005-03-14 11:53:57,4698,,0, 'Energy for Sustainable Development', '421619_2005_2',0,421619,2005,2,
14400,2007-06-29 23:27:28, 'resource/x-bb-folder',2005-03-14 11:53:57,4698,,0, 'Energy for Sustainable Development', '421619_2005_2',0,421619,2005,2,
14440,2007-06-29 23:27:28, 'resource/x-bb-folder',2005-03-14 11:53:59,4712,,0, 'Visual Arts: Dreams and Symbols', '760335_2005_2',0,760335,2005,2,
14441,2007-06-29 23:27:28, 'resource/x-bb-folder',2005-03-14 11:53:59,4712,,0, 'Visual Arts: Dreams and Symbols', '760335_2005_2',0,760335,2005,2,
14442,2007-06-29 23:27:28, 'resource/x-bb-folder',2005-03-14 11:53:59,4712,,0, 'Visual Arts: Dreams and Symbols', '760335_2005_2',0,760335,2005,2,
14482,2007-06-29 23:27:28, 'resource/x-bb-folder',2005-03-14 11:54:01,4726,,0, 'Geomatics Science 1B', '451101_2005_2',0,451101,2005,2,
14483,2007-06-29 23:27:28, 'resource/x-bb-folder',2005-03-14 11:54:01,4726,,0, 'Geomatics Science 1B', '451101_2005_2',0,451101,2005,2,
14484,2007-06-29 23:27:28, 'resource/x-bb-folder',2005-03-14 11:54:01,4726,,0, 'Geomatics Science 1B', '451101_2005_2',0,451101,2005,2,
14518,2007-06-29 23:27:28, 'resource/x-bb-folder',2005-03-14 11:54:03,4738,,0, 'Managing Staff', '208269_2005_2',0,208269,2005,2,
14519,2007-06-29 23:27:28, 'resource/x-bb-folder',2005-03-14 11:54:03,4738,,0, 'Managing Staff', '208269_2005_2',0,208269,2005,2,
14520,2007-06-29 23:27:28, 'resource/x-bb-folder',2005-03-14 11:54:03,4738,,0, 'Managing Staff', '208269_2005_2',0,208269,2005,2,
14638,2007-06-29 23:27:28, 'resource/x-bb-folder',2005-03-14 11:54:11,4778,,0," 'Film, Censorship & The Media'", '107414_2005_2',0,107414,2005,2,
14639,2007-06-29 23:27:28, 'resource/x-bb-folder',2005-03-14 11:54:11,4778,,0," 'Film, Censorship & The Media'", '107414_2005_2',0,107414,2005,2,
14640,2007-06-29 23:27:28, 'resource/x-bb-folder',2005-03-14 11:54:11,4778,,0," 'Film, Censorship & The Media'", '107414_2005_2',0,107414,2005,2,
14782,2007-06-29 23:27:28, 'resource/x-bb-folder',2005-03-14 11:54:19,4826,,0, 'Computational Linguistics', '175410_2005_2',0,175410,2005,2,
14783,2007-06-29 23:27:28, 'resource/x-bb-folder',2005-03-14 11:54:19,4826,,0, 'Computational Linguistics', '175410_2005_2',0,175410,2005,2,
14784,2007-06-29 23:27:28, 'resource/x-bb-folder',2005-03-14 11:54:19,4826,,0, 'Computational Linguistics', '175410_2005_2',0,175410,2005,2,
14791,2007-06-29 23:27:28, 'resource/x-bb-folder',2005-03-14 11:54:19,4829,,0, 'Health and Medical Law', '730386_2005_2',0,730386,2005,2,
14792,2007-06-29 23:27:28, 'resource/x-bb-folder',2005-03-14 11:54:19,4829,,0, 'Health and Medical Law', '730386_2005_2',0,730386,2005,2,
14793,2007-06-29 23:27:28, 'resource/x-bb-folder',2005-03-14 11:54:19,4829,,0, 'Health and Medical Law', '730386_2005_2',0,730386,2005,2,
14824,2007-06-29 23:27:28, 'resource/x-bb-folder',2005-03-14 11:54:21,4840,,0, 'Indonesian Level 4B', '110080_2005_2',0,110080,2005,2,
14825,2007-06-29 23:27:28, 'resource/x-bb-folder',2005-03-14 11:54:21,4840,,0, 'Indonesian Level 4B', '110080_2005_2',0,110080,2005,2,
14826,2007-06-29 23:27:28, 'resource/x-bb-folder',2005-03-14 11:54:21,4840,,0, 'Indonesian Level 4B', '110080_2005_2',0,110080,2005,2,
14833,2007-06-29 23:27:28, 'resource/x-bb-folder',2005-03-14 11:54:21,4843,,0, 'Clinical Nursing 2', '514226_2005_2',0,514226,2005,2,
14834,2007-06-29 23:27:28, 'resource/x-bb-folder',2005-03-14 11:54:21,4843,,0, 'Clinical Nursing 2', '514226_2005_2',0,514226,2005,2,
14835,2007-06-29 23:27:28, 'resource/x-bb-folder',2005-03-14 11:54:21,4843,,0, 'Clinical Nursing 2', '514226_2005_2',0,514226,2005,2,
14918,2007-06-29 23:27:28, 'resource/x-bb-folder',2005-03-14 11:54:26,4871,,0, 'Professional Issues in Specialty Prac.', '514880_2005_2',0,514880,2005,2,
15013,2007-06-29 23:27:28, 'resource/x-bb-folder',2005-03-14 11:54:30,4903,,0, 'Financial Management and Analysis I', '333665_2005_2',0,333665,2005,2,
15014,2007-06-29 23:27:28, 'resource/x-bb-folder',2005-03-14 11:54:30,4903,,0, 'Financial Management and Analysis I', '333665_2005_2',0,333665,2005,2,
15015,2007-06-29 23:27:28, 'resource/x-bb-folder',2005-03-14 11:54:30,4903,,0, 'Financial Management and Analysis I', '333665_2005_2',0,333665,2005,2,
15052,2007-06-29 23:27:28, 'resource/x-bb-folder',2005-03-14 11:54:33,4916,,0, 'Property Valuation & Analysis (Masters)', '702652_2005_2',0,702652,2005,2,
15053,2007-06-29 23:27:28, 'resource/x-bb-folder',2005-03-14 11:54:33,4916,,0, 'Property Valuation & Analysis (Masters)', '702652_2005_2',0,702652,2005,2,
15054,2007-06-29 23:27:28, 'resource/x-bb-folder',2005-03-14 11:54:33,4916,,0, 'Property Valuation & Analysis (Masters)', '702652_2005_2',0,702652,2005,2,
15094,2007-06-29 23:27:28, 'resource/x-bb-folder',2005-03-14 11:54:35,4930,,0, 'Social Order and Social Change', '121107_2005_2',0,121107,2005,2,
15095,2007-06-29 23:27:28, 'resource/x-bb-folder',2005-03-14 11:54:35,4930,,0, 'Social Order and Social Change', '121107_2005_2',0,121107,2005,2,
15096,2007-06-29 23:27:28, 'resource/x-bb-folder',2005-03-14 11:54:35,4930,,0, 'Social Order and Social Change', '121107_2005_2',0,121107,2005,2,
15100,2007-06-29 23:27:28, 'resource/x-bb-folder',2005-03-14 11:54:35,4932,,0, 'Technology Management', '325697_2005_2',0,325697,2005,2,
15101,2007-06-29 23:27:28, 'resource/x-bb-folder',2005-03-14 11:54:35,4932,,0, 'Technology Management', '325697_2005_2',0,325697,2005,2,
15102,2007-06-29 23:27:28, 'resource/x-bb-folder',2005-03-14 11:54:35,4932,,0, 'Technology Management', '325697_2005_2',0,325697,2005,2,
15334,2007-06-29 23:27:28, 'resource/x-bb-folder',2005-03-14 11:54:48,5010,,0, 'Genetic Epidemiology', '505926_2005_2',0,505926,2005,2,
15336,2007-06-29 23:27:28, 'resource/x-bb-folder',2005-03-14 11:54:48,5010,,0, 'Genetic Epidemiology', '505926_2005_2',0,505926,2005,2,
15367,2007-06-29 23:27:28, 'resource/x-bb-folder',2005-03-14 11:54:51,5021,,0, 'Land Resources', '202106_2005_2',0,202106,2005,2,
15368,2007-06-29 23:27:28, 'resource/x-bb-folder',2005-03-14 11:54:51,5021,,0, 'Land Resources', '202106_2005_2',0,202106,2005,2,
15369,2007-06-29 23:27:28, 'resource/x-bb-folder',2005-03-14 11:54:51,5021,,0, 'Land Resources', '202106_2005_2',0,202106,2005,2,
15436,2007-06-29 23:27:28, 'resource/x-bb-folder',2005-03-14 11:54:55,5044,,0, 'Dangerous Earth', '625203_2005_2',0,625203,2005,2,
15437,2007-06-29 23:27:28, 'resource/x-bb-folder',2005-03-14 11:54:55,5044,,0, 'Dangerous Earth', '625203_2005_2',0,625203,2005,2,
15438,2007-06-29 23:27:28, 'resource/x-bb-folder',2005-03-14 11:54:55,5044,,0, 'Dangerous Earth', '625203_2005_2',0,625203,2005,2,
15445,2007-06-29 23:27:28, 'resource/x-bb-folder',2005-03-14 11:54:55,5047,,0, 'Social Impact Assessment', '121529_2005_2',0,121529,2005,2,
15446,2007-06-29 23:27:28, 'resource/x-bb-folder',2005-03-14 11:54:55,5047,,0, 'Social Impact Assessment', '121529_2005_2',0,121529,2005,2,
15447,2007-06-29 23:27:28, 'resource/x-bb-folder',2005-03-14 11:54:55,5047,,0, 'Social Impact Assessment', '121529_2005_2',0,121529,2005,2,
15448,2007-06-29 23:27:28, 'resource/x-bb-folder',2005-03-14 11:54:55,5048,,0, 'Machine Learning', '433680_2005_2',0,433680,2005,2,
15466,2007-06-29 23:27:28, 'resource/x-bb-folder',2005-03-14 11:54:56,5054,,0, 'Derivative Securities', '333309_2005_2',0,333309,2005,2,
15467,2007-06-29 23:27:28, 'resource/x-bb-folder',2005-03-14 11:54:56,5054,,0, 'Derivative Securities', '333309_2005_2',0,333309,2005,2,
15468,2007-06-29 23:27:28, 'resource/x-bb-folder',2005-03-14 11:54:56,5054,,0, 'Derivative Securities', '333309_2005_2',0,333309,2005,2,
15562,2007-06-29 23:27:28, 'resource/x-bb-folder',2005-03-14 11:55:02,5086,,0, 'Musculoskeletal Physiotherapy 2', '513691_2005_2',0,513691,2005,2,
15563,2007-06-29 23:27:28, 'resource/x-bb-folder',2005-03-14 11:55:02,5086,,0, 'Musculoskeletal Physiotherapy 2', '513691_2005_2',0,513691,2005,2,
15564,2007-06-29 23:27:28, 'resource/x-bb-folder',2005-03-14 11:55:02,5086,,0, 'Musculoskeletal Physiotherapy 2', '513691_2005_2',0,513691,2005,2,
15571,2007-06-29 23:27:28, 'resource/x-bb-folder',2005-03-14 11:55:02,5089,,0, 'Social Problems in Japan', '110447_2005_2',0,110447,2005,2,

